Publisher name,Website/domain,Category/vertical,Why it is relevant,Evidence/source URL,PageRank,Relevance Score,Quality Score,Contact email,Contact page,LinkedIn profile,Status
Award Winning SEO,matthewwoodward.co.uk,SEO & Search Marketing,"As a site focused deeply on search engine optimization and analytics, matthewwoodward.co.uk has a highly-targeted audience of practitioners who actively buy SEO suites.",https://www.matthewwoodward.co.uk/seo/reviews/semrush/,7.4,10,9,,https://www.searchlogistics.com/contact/,https://www.linkedin.com/in/matthewwoodwarduk,scored
Reliablesoft: Digital Marketing Training & Consulting,reliablesoft.net,SEO & Search Marketing,"As a site focused deeply on search engine optimization and analytics, reliablesoft.net has a highly-targeted audience of practitioners who actively buy SEO suites.",https://www.reliablesoft.net/semrush-review/,7.4,10,9,,https://www.reliablesoft.net/contact/,https://www.linkedin.com/in/alexchris100,scored
"Backlinko: SEO, Content Marketing, & Link Building Strategies",backlinko.com,SEO & Search Marketing,"As a site focused deeply on search engine optimization and analytics, backlinko.com has a highly-targeted audience of practitioners who actively buy SEO suites.",https://backlinko.com/seo-tools,6.2,10,9,,https://backlinko.com/contact,,scored
"Niche Pursuits: Learn SEO, Niche Websites, and Online Business Ideas!",nichepursuits.com,SEO & Search Marketing,"As a site focused deeply on search engine optimization and analytics, nichepursuits.com has a highly-targeted audience of practitioners who actively buy SEO suites.",https://www.nichepursuits.com/semrush-alternative/,7.0,9,8,,https://www.nichepursuits.com/contact-me/,,scored
SEO for everyone • Yoast,yoast.com,SEO & Search Marketing,"As a site focused deeply on search engine optimization and analytics, yoast.com has a highly-targeted audience of practitioners who actively buy SEO suites.",https://yoast.com/semrush-integration-wordpress/,7.0,9,8,,https://yoast.com/contact/,https://www.linkedin.com/company/yoast-com,scored
SEO & AI Search Visibility Software for Agencies,gotchseo.com,SEO & Search Marketing,"As a site focused deeply on search engine optimization and analytics, gotchseo.com has a highly-targeted audience of practitioners who actively buy SEO suites.",https://www.gotchseo.com/best-seo-tools/,7.0,9,8,,https://gotchseo.com/contact/,https://www.linkedin.com/company/rankability-seo,scored
Convertkit,convertkit.com,SEO & Search Marketing,"As a site focused deeply on search engine optimization and analytics, convertkit.com has a highly-targeted audience of practitioners who actively buy SEO suites.",https://convertkit.com/resources/blogging-seo,6.7,9,8,contact@convertkit.com,https://convertkit.com/contact,https://www.linkedin.com/company/convertkit,scored
Copyblogger,copyblogger.com,SEO & Search Marketing,"As a site focused deeply on search engine optimization and analytics, copyblogger.com has a highly-targeted audience of practitioners who actively buy SEO suites.",https://copyblogger.com/content-marketing-tools/,6.1,9,8,,https://copyblogger.com/contact,,scored
ShoutMeLoud,shoutmeloud.com,Blogging & Affiliate Marketing,Educates bloggers and affiliate marketers on monetization. Semrush is the industry-standard tool they can use to search for profitable niches and outrank competitors.,https://www.shoutmeloud.com/semrush-review.html,5.9,9,8,harsh@shoutmeloud.com,https://www.shoutmeloud.com/contact,https://www.linkedin.com/company/shoutmeloud,scored
Stylefactorybydanny,stylefactorybydanny.com,SEO & Search Marketing,"As a site focused deeply on search engine optimization and analytics, stylefactorybydanny.com has a highly-targeted audience of practitioners who actively buy SEO suites.",https://www.stylefactorybydanny.com/semrush-review/,5.8,9,8,contact@stylefactorybydanny.com,https://stylefactorybydanny.com/contact,https://www.linkedin.com/company/stylefactorybydanny,scored
WP Mayor,wpmayor.com,WordPress & Site Building,"Caters to WordPress developers, site owners, and designers. Their readers need tools like Semrush to run audits, optimize content, and track client rankings.",https://wpmayor.com/semrush-review-seo-suite/,5.3,9,8,,https://wpmayor.com/best-contact-form-plugins-for-wordpress/,https://www.linkedin.com/company/wpmayor,scored
Create And Go,createandgo.com,Content & Social Marketing,"Focuses on general marketing, brand growth, and content strategy. Semrush's content writing assistant and competitor analytics fit their content roadmap perfectly.",https://createandgo.com/best-seo-tools-for-bloggers/,5.9,8,8,,https://createandgo.com/contact/,,scored
No Hype AI & Automation for Established Businesses,authorityhacker.com,Content & Social Marketing,"Focuses on general marketing, brand growth, and content strategy. Semrush's content writing assistant and competitor analytics fit their content roadmap perfectly.",https://www.authorityhacker.com/semrush-review/,5.3,8,8,,https://authorityhacker.com/contact/,https://linkedin.com/company/authorityhacker,scored
Sprout Social: Social Media Management Tool,sproutsocial.com,Content & Social Marketing,"Focuses on general marketing, brand growth, and content strategy. Semrush's content writing assistant and competitor analytics fit their content roadmap perfectly.",https://sproutsocial.com/insights/seo-marketing/,5.0,8,8,,https://sproutsocial.com/contact-us/,https://www.linkedin.com/company/sprout-social-inc-,scored
WPBeginner,wpbeginner.com,WordPress & Site Building,"Caters to WordPress developers, site owners, and designers. Their readers need tools like Semrush to run audits, optimize content, and track client rankings.",https://www.wpbeginner.com/showcase/best-seo-tools-for-wordpress/,7.3,8,7,,https://www.wpbeginner.com/deals/constant-contact-coupon/,https://www.linkedin.com/company/wpbeginner,scored
Kinsta®,kinsta.com,WordPress & Site Building,"Caters to WordPress developers, site owners, and designers. Their readers need tools like Semrush to run audits, optimize content, and track client rankings.",https://kinsta.com/blog/best-seo-tools/,7.0,8,7,,https://kinsta.com/contact-us/,https://www.linkedin.com/company/kinsta,scored
Growth Marketing Pro: #1 Growth Marketing Agency for Fast,growthmarketingpro.com,SEO & Search Marketing,"As a site focused deeply on search engine optimization and analytics, growthmarketingpro.com has a highly-targeted audience of practitioners who actively buy SEO suites.",https://www.growthmarketingpro.com/semrush-review-pricing-tutorial/,6.6,8,7,,https://go.growthmarketingpro.com/contact-us,,scored
SeedProd,seedprod.com,WordPress & Site Building,"Caters to WordPress developers, site owners, and designers. Their readers need tools like Semrush to run audits, optimize content, and track client rankings.",https://www.seedprod.com/best-seo-tools-for-wordpress/,6.4,8,7,,https://seedprod.com/contact/,,scored
Instant Website Audit,websitehostingrating.com,SEO & Search Marketing,"As a site focused deeply on search engine optimization and analytics, websitehostingrating.com has a highly-targeted audience of practitioners who actively buy SEO suites.",https://www.websitehostingrating.com/reviews/semrush-review/,5.4,8,7,,https://websitehostingrating.com/contact/,https://www.linkedin.com/company/website-rating,scored
Smart Blogger: Writing and Blogging Advice That Actually Works,smartblogger.com,Blogging & Affiliate Marketing,Educates bloggers and affiliate marketers on monetization. Semrush is the industry-standard tool they can use to search for profitable niches and outrank competitors.,https://smartblogger.com/seo-tools/,4.9,8,7,,https://smartblogger.com/contact/,https://www.linkedin.com/company/smartblogger,scored
Neil Patel,neilpatel.com,SEO & Search Marketing,"As a site focused deeply on search engine optimization and analytics, neilpatel.com has a highly-targeted audience of practitioners who actively buy SEO suites.",https://neilpatel.com/blog/best-seo-tools/,4.8,8,7,support@neilpatel.com,https://neilpatel.com/contact/,https://www.linkedin.com/company/neil-patel-digital,scored
Search Engine Roundtable ::: The Pulse Of The Search Marketing Community,seroundtable.com,SEO & Search Marketing,"As a site focused deeply on search engine optimization and analytics, seroundtable.com has a highly-targeted audience of practitioners who actively buy SEO suites.",https://www.seroundtable.com/semrush-crawling-updates-34301.html,4.8,8,7,,https://www.seroundtable.com/contact.php,,scored
Search Engine Land,searchengineland.com,SEO & Search Marketing,"As a site focused deeply on search engine optimization and analytics, searchengineland.com has a highly-targeted audience of practitioners who actively buy SEO suites.",https://searchengineland.com/seo-periodic-table-anatomy-of-search-engine-optimization-389332,4.5,8,7,,https://searchengineland.com/contact,https://www.linkedin.com/company/search-engine-land,scored
HubSpot,hubspot.com,Content & Social Marketing,"Focuses on general marketing, brand growth, and content strategy. Semrush's content writing assistant and competitor analytics fit their content roadmap perfectly.",https://blog.hubspot.com/marketing/best-seo-software,7.3,7,7,,https://offers.hubspot.com/contact-sales,https://www.linkedin.com/company/hubspot,scored
"CMI: Content Marketing Strategy, Research",contentmarketinginstitute.com,Content & Social Marketing,"Focuses on general marketing, brand growth, and content strategy. Semrush's content writing assistant and competitor analytics fit their content roadmap perfectly.",https://contentmarketinginstitute.com/articles/seo-tools-content-planning,4.6,7,7,,https://contentmarketinginstitute.com/contact,https://www.linkedin.com/company/2416452,scored
Blogging Wizard,bloggingwizard.com,Blogging & Affiliate Marketing,Educates bloggers and affiliate marketers on monetization. Semrush is the industry-standard tool they can use to search for profitable niches and outrank competitors.,https://bloggingwizard.com/best-seo-tools/,4.8,7,6,,https://bloggingwizard.com/contact/,https://www.linkedin.com/company/blogging-wizard,scored
Crazy Egg Website — Optimization,crazyegg.com,Digital Marketing,Provides digital marketing advice and tech tools. Semrush could serve as a useful tool for their audience.,https://www.crazyegg.com/blog/best-seo-tools/,7.0,6,6,,https://support.crazyegg.com/?open_modal=contact,https://www.linkedin.com/company/crazy-egg,scored
Buffer: Social media management for everyone,buffer.com,Content & Social Marketing,"Focuses on general marketing, brand growth, and content strategy. Semrush's content writing assistant and competitor analytics fit their content roadmap perfectly.",https://buffer.com/library/seo-basics-blogging/,5.4,6,6,communityMidmodmoodChannelInstagramUsername@midmod.moodFollowers,https://buffer.com/contact,https://www.linkedin.com/company/bufferapp,scored
Marketing Intelligence Platform: Supermetrics,supermetrics.com,Content & Social Marketing,"Focuses on general marketing, brand growth, and content strategy. Semrush's content writing assistant and competitor analytics fit their content roadmap perfectly.",https://supermetrics.com/blog/semrush-integration,4.8,6,6,,https://supermetrics.com/contact,https://www.linkedin.com/company/supermetrics,scored
Website Planet,websiteplanet.com,Digital Marketing,Provides digital marketing advice and tech tools. Semrush could serve as a useful tool for their audience.,https://www.websiteplanet.com/blog/semrush-review/,6.9,5,5,,https://www.websiteplanet.com/contact-us/,,scored
